<?xml version="1.0" encoding="UTF-8"?>
    <addon id="repository.peso" name="Peso Repository" version="1.0.0" provider-name="Stunna">
        <requires>
            <import addon="xbmc.addon" version="12.0.0"/>
        </requires>
        <extension point="xbmc.addon.repository" name="Peso Repository">
            <info compressed="false">https://raw.githubusercontent.com/trickdaddy0024/peso/_repo/addons.xml</info>
            <checksum>https://raw.githubusercontent.com/trickdaddy0024/peso/_repo/addons.xml.md5</checksum>
            <datadir zip="true">https://raw.githubusercontent.com/trickdaddy0024/peso/_repo/</datadir>
            <hashes>false</hashes>
        </extension>
        <extension point="xbmc.addon.metadata">
            <summary>Repository for 20pesos addon</summary>
            <description>The description can be longer. Using [CR] you can create a newline. The use of other markup is not advised.</description>
            <platform>all</platform>
    </extension>
</addon>